,BTCUSDT,ETHUSDT,BNBUSDT,NEOUSDT,LTCUSDT,QTUMUSDT,ADAUSDT,XRPUSDT,EOSUSDT,IOTAUSDT,TUSDUSDT,XLMUSDT,ONTUSDT,TRXUSDT,ETCUSDT,ICXUSDT,NULSUSDT,VETUSDT,PAXUSDT,USDCUSDT,LINKUSDT,WAVESUSDT,BTTUSDT,ONGUSDT,HOTUSDT,ZILUSDT,ZRXUSDT,FETUSDT,BATUSDT,XMRUSDT,ZECUSDT,IOSTUSDT,CELRUSDT,DASHUSDT,OMGUSDT,NANOUSDT,THETAUSDT,ENJUSDT,MITHUSDT,MATICUSDT,ATOMUSDT,TFUELUSDT,ONEUSDT,FTMUSDT,ALGOUSDT,GTOUSDT,DOGEUSDT,DUSKUSDT,ANKRUSDT,WINUSDT,COSUSDT,NPXSUSDT,COCOSUSDT,MTLUSDT,TOMOUSDT,PERLUSDT,FUNUSDT,WANUSDT,CVCUSDT,DENTUSDT,DOCKUSDT,MFTUSDT,KEYUSDT,CHZUSDT,BANDUSDT,BUSDUSDT,BEAMUSDT,XTZUSDT,RENUSDT,RVNUSDT,HBARUSDT,NKNUSDT,KAVAUSDT,STXUSDT,ARPAUSDT,RLCUSDT,IOTXUSDT,CTXCUSDT,BCHUSDT,TROYUSDT,VITEUSDT,FTTUSDT,EURUSDT,OGNUSDT,DREPUSDT,TCTUSDT,WRXUSDT,BNTUSDT,LSKUSDT,BTSUSDT,LTOUSDT,AIONUSDT,MBLUSDT,COTIUSDT,STPTUSDT,WTCUSDT,DATAUSDT,CTSIUSDT,HIVEUSDT,CHRUSDT,GXSUSDT,ARDRUSDT,MDTUSDT,STMXUSDT,LRCUSDT,REPUSDT,KNCUSDT,PNTUSDT,COMPUSDT,SCUSDT,ZENUSDT,SNXUSDT,VTHOUSDT,DGBUSDT,SXPUSDT,GBPUSDT,MKRUSDT,DCRUSDT,STORJUSDT,MANAUSDT,AUDUSDT,YFIUSDT,SRMUSDT,BALUSDT,JSTUSDT,BLZUSDT,KMDUSDT,IRISUSDT,SOLUSDT,ANTUSDT,SANDUSDT,CRVUSDT,DOTUSDT,NMRUSDT,OCEANUSDT,LUNAUSDT,RSRUSDT,PAXGUSDT,WNXMUSDT,TRBUSDT,BZRXUSDT,YFIIUSDT,SUSHIUSDT,EGLDUSDT,RUNEUSDT,FIOUSDT,KSMUSDT,DIAUSDT,UMAUSDT,BELUSDT,WINGUSDT,UNIUSDT,OXTUSDT,NBSUSDT,SUNUSDT,AVAXUSDT,HNTUSDT,FLMUSDT,ORNUSDT,UTKUSDT,XVSUSDT,ALPHAUSDT,NEARUSDT,FILUSDT,AAVEUSDT,INJUSDT,AUDIOUSDT,CTKUSDT,AKROUSDT,AXSUSDT,HARDUSDT,DNTUSDT,STRAXUSDT,ROSEUSDT,UNFIUSDT,XEMUSDT,AVAUSDT,SKLUSDT,SUSDUSDT,GRTUSDT,JUVUSDT,PSGUSDT,INCHUSDT,REEFUSDT,OGUSDT,ASRUSDT,ATMUSDT,CELOUSDT,RIFUSDT,BTCSTUSDT,TRUUSDT,CKBUSDT,TWTUSDT,FIROUSDT,LITUSDT,SFPUSDT,DODOUSDT,CAKEUSDT,ACMUSDT,BADGERUSDT,FISUSDT,OMUSDT,PONDUSDT,DEGOUSDT,ALICEUSDT,LINAUSDT,PERPUSDT,RAMPUSDT,SUPERUSDT,CFXUSDT,EPSUSDT,AUTOUSDT,TKOUSDT,PUNDIXUSDT,TLMUSDT,BTGUSDT,MIRUSDT,BARUSDT,FORTHUSDT,BURGERUSDT,BAKEUSDT,SLPUSDT,SHIBUSDT,ICPUSDT,ARUSDT,POLSUSDT,MDXUSDT,MASKUSDT,LPTUSDT,NUUSDT,XVGUSDT,ATAUSDT,GTCUSDT,TORNUSDT,KEEPUSDT,ERNUSDT,KLAYUSDT,PHAUSDT,BONDUSDT,MLNUSDT,DEXEUSDT,C98USDT,QNTUSDT,CLVUSDT,FLOWUSDT,TVKUSDT,MINAUSDT,RAYUSDT,FARMUSDT,ALPACAUSDT,QUICKUSDT,MBOXUSDT,REQUSDT,FORUSDT,GHSTUSDT,WAXPUSDT,TRIBEUSDT,GNOUSDT,XECUSDT,ELFUSDT,DYDXUSDT,VIDTUSDT,IDEXUSDT,POLYUSDT,USDPUSDT,GALAUSDT,ILVUSDT,SYSUSDT,DFUSDT,YGGUSDT,FIDAUSDT,CVPUSDT,FRONTUSDT,AGLDUSDT,RADUSDT,BETAUSDT,RAREUSDT,LAZIOUSDT,CHESSUSDT,AUCTIONUSDT,ADXUSDT,BNXUSDT,DARUSDT,MOVRUSDT,CITYUSDT,ENSUSDT,KP3RUSDT,QIUSDT,PORTOUSDT,POWRUSDT,VGXUSDT,JASMYUSDT,PLAUSDT,AMPUSDT,PYRUSDT,RNDRUSDT,ALCXUSDT,SANTOSUSDT,MCUSDT,BICOUSDT,FXSUSDT,FLUXUSDT,VOXELUSDT,HIGHUSDT,PEOPLEUSDT,CVXUSDT,OOKIUSDT,SPELLUSDT,JOEUSDT,ACHUSDT,IMXUSDT,GLMRUSDT,LOKAUSDT,API3USDT,SCRTUSDT,ANCUSDT,ACAUSDT,BTTCUSDT,XNOUSDT,WOOUSDT,ALPINEUSDT,TUSDT,ASTRUSDT,GMTUSDT,KDAUSDT,APEUSDT,BSWUSDT,BIFIUSDT,MULTIUSDT,STEEMUSDT,MOBUSDT,NEXOUSDT
2021-04-01 00:00:00,59221.95,1932.38,304.649,52.24,199.45,10.29,1.1944,0.57148,4.8734,1.5993,0.9999,0.40786,1.8329,0.08855,14.2334,2.975,1.1303,0.088366,0.9998,1.0,29.7346,12.0545,0.0049672,1.04,0.0166673,0.17898,1.8998,0.73128,1.1325,247.08,158.34,0.054824,0.08343,229.65,7.6668,5.26,12.30871,2.50162,0.06246,0.36312,19.286,0.411493,0.17967,0.4217,1.3597,0.0709,0.0539064,0.3925,0.160073,0.00061336,0.03988,0.0078219,1.51,5.7398,2.6684,0.19558,0.039344,1.8969,0.53581,0.012549,0.127873,0.024966,0.0215,0.50085,17.0424,0.9999,1.2945,4.9145,1.03964,0.18662,0.35272,0.18447,5.9704,1.2286,0.12307,2.6587,0.045546,0.3331,552.49,0.026849,0.15695,40.235,1.175,1.988,,0.054191,0.77995,7.4873,6.0491,0.10055,0.80536,0.3386,0.022152,0.46152,0.1146,1.9505,0.17813,0.39301,0.8013,0.41481,1.086,0.41983,0.08442,0.0626,0.56038,40.145,2.709,2.6193,402.54,0.026545,52.306,17.926,0.015667,0.07426,3.53,1.3771,2124.05,180.754,2.8615,1.01083,0.75821,36864.1,5.4861,57.23,0.12664,0.49187,2.7653,0.21849,19.4433,10.9937,0.77918,3.192,36.6167,52.359,1.4512,18.8317,0.08956,1718.14,58.771,81.176,0.7123,2366.45,15.137,139.18,8.1842,0.3231,507.324,4.146,24.622,4.7971,59.485,28.4751,0.7077,0.03972,35.779,28.7318,10.597,0.8745,21.5219,0.6148,64.502,1.76127,6.049,184.3647,380.395,12.9401,3.15166,2.7668,0.079612,5.6936,2.1021,0.2948,1.9089,0.17939,29.4957,0.3721,5.234,0.75436,1.0162,1.71606,14.301,18.145,4.3545,0.040357,11.253,10.375,10.394,4.6246,0.3512,33.351,0.5139,0.03935,0.6358,8.997,9.3262,3.1823,4.167,17.643,10.936,38.329,3.872,0.512,0.2161,17.022,14.8434,0.1374,8.354,0.8358,3.543,1.137,,,,,,,,,,,,,,,,,,,,,,,,,,,,,,,,,,,,,,,,,,,,,,,,,,,,,,,,,,,,,,,,,,,,,,,,,,,,,,,,,,,,,,,,,,,,,,,,,,,,,,,,,,,,,,,,,,,,,,,,,,
2021-04-01 01:00:00,59143.72,1939.81,306.7423,52.123,198.92,10.343,1.19015,0.57949,4.7941,1.6184,0.9997,0.41375,1.813,0.08804,14.2258,2.9782,1.1459,0.087168,0.9998,0.9999,29.833,11.8737,0.0049233,1.009,0.0165593,0.17697,1.8779,0.72509,1.1685,249.38,157.54,0.056042,0.08142,230.6,7.6277,5.2948,12.15906,2.48784,0.06318,0.36314,19.119,0.408565,0.17881,0.42177,1.3833,0.06892,0.0541841,0.3979,0.155722,0.00060853,0.04059,0.0077215,1.5025,5.6889,2.639,0.19464,0.039488,1.8675,0.53388,0.0123333,0.125907,0.024264,0.021314,0.49973,17.5912,0.9999,1.2803,4.877,1.0351,0.18595,0.34622,0.1834,5.9281,1.2066,0.12509,2.6405,0.045218,0.3315,548.5,0.0268928,0.15042,40.305,1.1755,1.9408,,0.056027,0.78113,7.5189,6.0077,0.09883,0.81589,0.3424,0.023618,0.45798,0.12479,1.9435,0.17461,0.38898,0.7863,0.41157,1.072,0.41304,0.085,0.06199,0.55633,40.0,2.696,2.7275,427.6,0.027367,52.113,17.929,0.016031,0.0753,3.449,1.3768,2122.49,180.518,2.7776,1.01708,0.75687,36714.32,5.4085,57.435,0.12581,0.48869,2.7273,0.21781,19.4898,11.0544,0.776211,3.2,36.4696,53.0,1.4457,18.7976,0.0894,1716.22,59.828,80.604,0.7168,2366.92,15.105,139.558,8.5557,0.3202,492.6,4.176,25.281,4.7545,58.85,28.6578,0.7054,0.03984,34.877,28.5846,10.743,0.8549,22.192,0.6213,63.513,1.77121,5.9613,189.0991,382.167,12.9422,3.0393,2.7791,0.080516,5.65063,2.1026,0.2938,1.9017,0.17873,29.2552,0.367,5.1992,0.75015,1.0073,1.7288,14.301,18.197,4.328,0.04025,11.135,10.387,10.325,4.6548,0.3505,33.602,0.5108,0.0384,0.6438,8.864,9.3036,3.142,4.211,17.635,10.912,40.691,3.805,0.508,0.204,17.085,14.7915,0.1389,8.158,0.8115,3.699,1.134,,,,,,,,,,,,,,,,,,,,,,,,,,,,,,,,,,,,,,,,,,,,,,,,,,,,,,,,,,,,,,,,,,,,,,,,,,,,,,,,,,,,,,,,,,,,,,,,,,,,,,,,,,,,,,,,,,,,,,,,,,
2021-04-01 02:00:00,59086.99,1925.4,307.4769,51.19,198.36,10.125,1.19127,0.57712,4.7819,1.6277,0.9998,0.41279,1.8392,0.08643,14.3032,2.9412,1.1953,0.089206,0.9998,0.9997,29.6591,11.8107,0.0048849,1.0085,0.0171145,0.17806,1.8622,0.73188,1.1666,246.46,157.22,0.055528,0.08245,231.96,7.7301,5.1786,11.89122,2.48901,0.0623,0.37621,19.014,0.407162,0.17679,0.41714,1.366,0.07089,0.0541786,0.3981,0.155695,0.000607,0.04047,0.0076931,1.5097,5.6861,2.618,0.2035,0.039323,1.8756,0.53298,0.01224,0.126197,0.025437,0.021239,0.49859,17.0764,0.9999,1.2496,4.8626,1.03276,0.18439,0.34347,0.18455,5.8451,1.202,0.12411,2.6409,0.044233,0.3311,545.45,0.0271928,0.15143,40.3,1.1746,1.9266,,0.056705,0.78268,7.5021,6.0034,0.09642,0.80654,0.339,0.024752,0.45847,0.1264,1.94,0.1754,0.38168,0.7854,0.407,1.0789,0.40971,0.08789,0.062237,0.54642,39.646,2.688,2.6431,433.4,0.027049,52.018,17.829,0.016275,0.07543,3.432,1.3762,2128.51,181.966,2.8097,1.02477,0.75501,36268.05,5.3643,57.017,0.12413,0.48606,2.79,0.2196,19.5797,10.8111,0.77618,3.156,36.4071,53.18,1.4433,18.8476,0.08866,1717.75,59.063,84.576,0.7261,2358.76,14.973,139.123,8.6979,0.3188,482.285,4.172,25.08,4.7254,58.921,29.2222,0.6986,0.03857,33.193,28.6522,11.034,0.83,21.8592,0.6263,62.401,1.77231,5.9011,190.9319,379.499,13.04,3.06225,2.7585,0.0836,5.61858,2.1012,0.29598,1.9033,0.1788,29.7967,0.3696,5.2155,0.745,1.0036,1.70775,14.197,18.189,4.3991,0.039573,10.981,10.39,10.341,4.7198,0.3535,33.754,0.5117,0.039297,0.6333,8.849,9.31,3.1242,4.181,17.725,10.953,41.22,3.77,0.5064,0.2117,16.892,14.6602,0.1386,8.537,0.769,3.786,1.161,,,,,,,,,,,,,,,,,,,,,,,,,,,,,,,,,,,,,,,,,,,,,,,,,,,,,,,,,,,,,,,,,,,,,,,,,,,,,,,,,,,,,,,,,,,,,,,,,,,,,,,,,,,,,,,,,,,,,,,,,,
2021-04-01 03:00:00,59119.02,1922.8,306.5715,51.054,197.5,10.173,1.18779,0.573,4.7372,1.5933,0.9997,0.41065,1.7974,0.08812,14.0613,2.9028,1.1551,0.09045,0.9997,0.9997,29.6884,11.7728,0.0049112,0.9991,0.017193,0.17826,1.8679,0.736,1.1694,246.31,156.45,0.05542,0.08073,228.62,7.7186,5.1837,11.91909,2.53124,0.06349,0.37127,19.081,0.409762,0.18154,0.4175,1.3611,0.07015,0.0540727,0.4003,0.160776,0.00061205,0.04042,0.0077687,1.4772,5.6332,2.6281,0.19829,0.039237,1.8513,0.53751,0.0124308,0.126576,0.026196,0.021352,0.50154,16.9751,0.9997,1.2481,4.8399,1.02009,0.18407,0.34725,0.18181,5.86,1.2078,0.1244,2.6929,0.044551,0.332,541.56,0.0275028,0.15332,40.197,1.175,1.8901,,0.056678,0.81381,7.4749,6.0123,0.09525,0.79526,0.3442,0.026253,0.45543,0.1248,1.9611,0.17235,0.38044,0.7853,0.40322,1.0908,0.41649,0.0863,0.064138,0.5521,40.06,2.695,2.6032,427.05,0.027011,52.264,17.7,0.0163,0.07528,3.446,1.3762,2160.23,182.5,2.8631,1.01843,0.75609,36201.57,5.307,56.799,0.12753,0.50614,2.7502,0.21797,19.746,10.7774,0.782078,3.132,36.351,52.957,1.4368,18.881,0.08871,1720.29,59.484,85.181,0.7273,2362.27,14.95,139.119,8.674,0.3222,480.622,4.085,24.716,4.6623,58.711,28.95,0.6972,0.03979,36.619,29.263,11.026,0.8195,21.4043,0.6253,62.912,1.76426,5.9251,197.7986,378.021,13.1047,3.07,2.7451,0.085082,5.56205,2.0705,0.29491,1.8709,0.17968,29.1678,0.367,5.235,0.74094,1.0057,1.705,14.262,18.171,4.4573,0.039269,10.942,10.414,10.386,4.6815,0.3555,33.94,0.5065,0.039366,0.6356,8.771,9.1458,3.1006,4.147,17.541,10.861,41.929,3.798,0.5008,0.2138,17.165,14.5758,0.1392,8.692,0.7481,3.732,1.168,,,,,,,,,,,,,,,,,,,,,,,,,,,,,,,,,,,,,,,,,,,,,,,,,,,,,,,,,,,,,,,,,,,,,,,,,,,,,,,,,,,,,,,,,,,,,,,,,,,,,,,,,,,,,,,,,,,,,,,,,,
2021-04-01 04:00:00,58869.99,1915.92,306.3832,51.751,196.25,10.253,1.19403,0.57166,4.8074,1.5814,0.9996,0.41008,1.7999,0.0857,14.0278,2.9097,1.1519,0.090867,0.9996,0.9997,29.5789,11.7962,0.0049175,0.9958,0.017239,0.17812,1.8609,0.73175,1.1603,247.15,156.23,0.056961,0.08199,228.26,7.6354,5.087,12.02723,2.50749,0.06216,0.3757,19.171,0.411183,0.18177,0.4198,1.3624,0.07064,0.0539357,0.399,0.159852,0.0005733,0.04027,0.0077425,1.5243,5.7313,2.6354,0.19765,0.039476,1.8664,0.53832,0.0127788,0.124355,0.0256,0.021275,0.49807,16.8035,0.9998,1.2521,4.8389,1.02308,0.18805,0.3477,0.18146,5.8905,1.2033,0.12422,2.6987,0.044187,0.3302,540.0,0.0269333,0.1553,39.954,1.1729,1.918,,0.0565,0.83795,7.4479,6.016,0.09434,0.8,0.3366,0.02514,0.44922,0.12282,1.9347,0.17699,0.37657,0.7697,0.40437,1.0812,0.41133,0.08694,0.068868,0.55185,39.994,2.678,2.5724,428.3,0.02742,52.308,17.733,0.01608,0.07408,3.474,1.3754,2238.65,180.811,2.8608,1.02525,0.75507,35946.63,5.294,56.655,0.12533,0.50399,2.7545,0.21614,20.1603,10.6529,0.778293,3.125,36.5445,52.907,1.4529,18.5827,0.0897,1718.0,61.337,84.492,0.7183,2363.29,14.783,139.215,8.5154,0.3222,464.253,4.119,24.699,4.6643,58.484,28.833,0.699,0.0389,38.002,28.9048,11.103,0.828,20.962,0.6189,62.613,1.77279,5.9492,196.0272,377.614,12.9706,3.02898,2.7062,0.084954,5.55437,2.0629,0.29403,1.8728,0.18064,28.9403,0.3664,5.2045,0.74989,1.008,1.69806,14.158,18.116,4.4337,0.039816,11.03,10.382,10.323,4.633,0.3516,33.519,0.5062,0.038408,0.6324,8.789,9.1482,3.1457,4.273,17.536,10.877,43.289,3.767,0.5192,0.2095,17.31,14.5391,0.1382,8.482,0.7642,3.707,1.14,,,,,,,,,,,,,,,,,,,,,,,,,,,,,,,,,,,,,,,,,,,,,,,,,,,,,,,,,,,,,,,,,,,,,,,,,,,,,,,,,,,,,,,,,,,,,,,,,,,,,,,,,,,,,,,,,,,,,,,,,,
2021-04-01 05:00:00,58764.79,1909.12,305.1624,51.215,195.89,10.127,1.18923,0.56724,4.7582,1.5738,0.9995,0.40611,1.8076,0.0854,14.1279,2.9043,1.1547,0.089857,0.9998,0.9998,29.4204,11.7128,0.0048845,0.999,0.0169264,0.17723,1.9215,0.71798,1.1468,250.06,154.4,0.056143,0.08192,224.89,7.4955,5.0591,11.96706,2.49,0.06212,0.36646,19.227,0.4094,0.19235,0.41088,1.3404,0.07721,0.0540299,0.3979,0.156784,0.00055276,0.04086,0.007935,1.5305,5.7277,2.6136,0.18925,0.039645,1.8292,0.54562,0.0125787,0.123219,0.026232,0.021457,0.49516,16.3203,0.9997,1.2735,4.7586,1.02183,0.18662,0.34902,0.18132,5.8334,1.2054,0.12132,2.6549,0.043852,0.3361,535.46,0.02798,0.15965,39.875,1.1728,1.9204,,0.056446,0.84761,7.4446,5.9627,0.09306,0.79275,0.3405,0.025702,0.44659,0.12016,1.9313,0.17395,0.3771,0.7789,0.4058,1.0729,0.40671,0.09181,0.067771,0.54866,39.519,2.68,2.5478,439.62,0.02757,51.803,18.2,0.016023,0.07538,3.513,1.3738,2295.01,181.081,2.9969,1.01516,0.75386,35800.0,5.298,56.207,0.12408,0.54315,2.7447,0.21579,20.0427,10.62,0.777404,3.096,36.78,53.714,1.4457,18.562,0.08842,1720.08,58.805,83.766,0.7108,2400.31,14.759,137.963,8.4969,0.3249,466.0,4.138,24.358,4.6777,58.507,28.7141,0.7148,0.0383,38.824,28.6,10.827,0.801,20.7608,0.6249,61.36,1.76062,5.8996,216.0606,374.117,12.8362,3.05,2.6935,0.082108,5.54458,2.1185,0.2911,1.8508,0.18208,28.8292,0.3624,5.6275,0.74857,1.005,1.705,14.155,18.029,4.4795,0.039334,10.84,10.392,10.3,4.6361,0.3498,33.271,0.505,0.036801,0.6258,8.799,9.1387,3.1109,4.243,17.428,10.9,44.05,3.761,0.5238,0.2163,17.779,14.3161,0.1405,8.406,0.7626,3.817,1.126,,,,,,,,,,,,,,,,,,,,,,,,,,,,,,,,,,,,,,,,,,,,,,,,,,,,,,,,,,,,,,,,,,,,,,,,,,,,,,,,,,,,,,,,,,,,,,,,,,,,,,,,,,,,,,,,,,,,,,,,,,
2021-04-01 06:00:00,58731.61,1915.25,310.2272,51.644,195.79,10.208,1.18838,0.56731,4.8477,1.5757,0.9998,0.40832,1.805,0.08604,14.0434,2.9388,1.16,0.089838,0.9999,0.9999,29.7216,11.7634,0.0048731,1.004,0.016853,0.17794,1.9501,0.73995,1.1552,251.54,154.15,0.056369,0.08129,225.84,7.6016,5.0541,11.9715,2.55331,0.06258,0.36769,19.326,0.407951,0.18925,0.4128,1.3488,0.07221,0.0540757,0.3971,0.15692,0.00054694,0.04081,0.0077015,1.5293,5.9324,2.6258,0.1896,0.039252,1.8734,0.56937,0.0129874,0.119401,0.025937,0.021156,0.4954,16.5343,0.9998,1.28,4.8678,1.0321,0.19725,0.35014,0.18244,5.9185,1.2042,0.11977,2.6563,0.04614,0.3543,536.86,0.0284888,0.16327,39.943,1.1713,1.8866,,0.05605,0.84288,7.4898,6.0013,0.09402,0.7892,0.348,0.024702,0.45293,0.1137,1.9529,0.17119,0.37983,0.7733,0.40701,1.0741,0.40463,0.08861,0.069192,0.545,39.62,2.689,2.58,441.47,0.027024,52.436,18.232,0.016075,0.07731,3.591,1.3739,2293.36,180.411,2.9037,1.0173,0.75434,35763.7,5.3371,56.233,0.12696,0.57905,2.7372,0.21469,20.0267,10.75,0.782,3.076,37.4185,53.323,1.4682,18.4959,0.08916,1721.79,61.352,83.337,0.712,2401.92,14.776,138.973,8.7341,0.3234,487.999,4.405,24.469,4.7078,57.83,29.1498,0.698,0.03763,40.533,28.5848,10.726,0.8005,20.5655,0.6293,62.092,1.76466,5.9591,218.7162,376.303,12.8421,3.1095,2.8385,0.083958,5.54758,2.1355,0.29242,1.8792,0.1776,28.8815,0.363,5.5878,0.73895,1.0074,1.71442,14.23,18.071,4.4231,0.03932,10.765,10.462,10.305,4.6957,0.3471,33.301,0.5014,0.036855,0.6328,8.721,9.2481,3.0727,4.244,17.704,11.009,44.276,3.756,0.515,0.2194,17.476,14.5075,0.1407,8.359,0.77,3.583,1.072,,,,,,,,,,,,,,,,,,,,,,,,,,,,,,,,,,,,,,,,,,,,,,,,,,,,,,,,,,,,,,,,,,,,,,,,,,,,,,,,,,,,,,,,,,,,,,,,,,,,,,,,,,,,,,,,,,,,,,,,,,
2021-04-01 07:00:00,58817.77,1926.31,313.2238,51.953,197.31,10.813,1.1914,0.5699,4.9133,1.5897,0.9997,0.41058,1.8377,0.0862,14.024,2.903,1.1844,0.090073,0.9997,0.9998,30.384,11.9095,0.0048884,1.0022,0.0168188,0.17916,2.0672,0.74022,1.16,251.54,155.58,0.056213,0.08127,226.89,7.9271,5.0405,12.03704,2.58526,0.06269,0.36563,19.481,0.4135,0.18959,0.41532,1.3765,0.07002,0.0540169,0.402,0.157423,0.00056331,0.04139,0.007661,1.5304,6.0243,2.6674,0.18777,0.038891,1.8571,0.55129,0.013158,0.1204,0.025949,0.021126,0.49689,16.4807,0.9999,1.2997,5.038,1.07749,0.19645,0.35462,0.18166,6.03,1.2013,0.11885,2.7513,0.049075,0.3544,538.96,0.0293595,0.1593,40.133,1.1726,1.8683,,0.0563,0.85701,7.547,6.0533,0.09334,0.80016,0.3605,0.024863,0.44988,0.11161,1.9301,0.17494,0.37755,0.7768,0.40794,1.0817,0.4057,0.08808,0.067798,0.54511,39.794,2.714,2.6065,448.95,0.027312,52.746,18.402,0.0159,0.07931,3.618,1.3765,2317.64,180.792,2.9638,1.057,0.75507,36004.06,5.3926,56.818,0.12726,0.58257,2.77,0.21335,19.9834,10.8564,0.78075,3.108,38.7338,53.52,1.4675,18.5783,0.08996,1723.98,60.907,82.503,0.7069,2430.09,14.814,139.349,8.77,0.3214,473.293,4.75,24.704,4.7735,60.837,29.5012,0.7019,0.04163,39.312,28.4768,10.802,0.7892,20.5499,0.638,62.999,1.76605,5.9947,208.9674,382.152,12.8646,3.13775,2.834,0.086096,5.60727,2.1282,0.2936,1.9,0.17619,29.1347,0.3636,5.6767,0.73815,1.0068,1.75355,14.131,18.072,4.4913,0.039215,10.82,10.493,10.415,4.6937,0.3475,33.454,0.5043,0.036909,0.6334,8.854,9.3057,3.055,4.24,17.851,10.968,44.311,3.711,0.5263,0.2216,17.323,14.4669,0.1418,8.323,0.7533,3.697,1.04,,,,,,,,,,,,,,,,,,,,,,,,,,,,,,,,,,,,,,,,,,,,,,,,,,,,,,,,,,,,,,,,,,,,,,,,,,,,,,,,,,,,,,,,,,,,,,,,,,,,,,,,,,,,,,,,,,,,,,,,,,
2021-04-01 08:00:00,58839.7,1943.27,315.6953,52.22,197.78,10.537,1.19677,0.56565,4.8635,1.5935,0.9999,0.41223,1.8833,0.0903,14.14,2.8651,1.1569,0.090333,0.9999,1.0,30.2322,11.9833,0.00508,1.0086,0.0169838,0.17884,2.0404,0.74126,1.1654,251.3,155.63,0.056551,0.0816,229.76,7.7703,5.0814,12.12863,2.5908,0.0647,0.36716,19.552,0.41124,0.1889,0.42248,1.3699,0.06869,0.0539584,0.3989,0.157537,0.0005956,0.04109,0.0076749,1.5272,5.9415,2.71,0.1829,0.03967,1.8417,0.55353,0.0135837,0.12114,0.025796,0.021342,0.49909,16.5294,1.0,1.2752,4.9737,1.06715,0.1934,0.35218,0.1857,6.0299,1.2056,0.11883,2.766,0.047194,0.3573,538.7,0.0289389,0.15774,40.255,1.1719,1.8596,,0.0564,0.91424,7.5864,6.0517,0.09477,0.79983,0.3556,0.024798,0.45263,0.11257,1.9211,0.17452,0.39637,0.769,0.41064,1.0803,0.4062,0.08649,0.067429,0.54756,39.994,2.739,2.5983,461.21,0.026668,52.742,18.668,0.016044,0.07882,3.62,1.3752,2313.24,180.21,3.0274,1.04926,0.75616,36270.7,5.4106,57.017,0.13342,0.57883,2.7323,0.21462,19.7061,10.9276,0.78384,3.138,38.1424,52.833,1.4707,18.6216,0.09019,1722.95,59.581,81.806,0.6985,2416.52,14.969,141.322,8.7072,0.3248,470.863,4.471,24.723,4.6606,61.191,29.9801,0.7025,0.04096,41.298,28.8,10.642,0.7915,20.483,0.6422,63.316,1.77414,6.0463,214.1098,391.772,13.0645,3.18189,2.8633,0.083421,5.71568,2.1142,0.2955,1.9079,0.1775,29.1778,0.3659,5.6329,0.73481,1.0077,1.77891,14.17,18.514,4.4619,0.039367,10.66,10.58,10.679,4.668,0.3462,33.41,0.5009,0.038053,0.6497,8.94,9.3525,3.0794,4.202,17.878,10.961,43.081,3.738,0.5164,0.2278,17.49,14.881,0.1419,8.371,0.7535,3.65,1.081,,,,,,,,,,,,,,,,,,,,,,,,,,,,,,,,,,,,,,,,,,,,,,,,,,,,,,,,,,,,,,,,,,,,,,,,,,,,,,,,,,,,,,,,,,,,,,,,,,,,,,,,,,,,,,,,,,,,,,,,,,
2021-04-01 09:00:00,58820.19,1937.52,314.3064,51.314,196.97,10.314,1.19232,0.56512,4.8356,1.5785,1.0001,0.41131,1.8468,0.0944,14.0451,2.8733,1.1442,0.089421,0.9999,0.9998,30.0406,11.9144,0.0055395,1.0086,0.0169992,0.17799,2.0244,0.73545,1.1643,254.17,155.68,0.055895,0.08098,227.57,7.6393,5.1546,12.05422,2.55559,0.06303,0.36438,19.704,0.409143,0.18679,0.42258,1.3828,0.072,0.0540106,0.396,0.157643,0.00063444,0.04088,0.0078046,1.5296,5.888,2.6797,0.18191,0.039874,1.8181,0.54552,0.0132873,0.122299,0.025704,0.021888,0.49645,16.35,1.0,1.2704,4.9134,1.05728,0.19121,0.35133,0.18351,6.3127,1.2123,0.11863,2.7206,0.0491,0.3525,537.64,0.0286658,0.1534,40.201,1.1724,1.8512,,0.056033,0.90868,7.523,6.024,0.09565,0.81336,0.3538,0.024715,0.44847,0.10852,1.9188,0.17532,0.40376,0.7626,0.40863,1.0639,0.40386,0.089,0.066964,0.55074,40.097,2.719,2.5471,455.3,0.0266,52.476,18.69,0.015774,0.07727,3.6,1.3738,2299.67,180.223,3.1346,1.03001,0.75653,36160.98,5.4062,56.436,0.14165,0.57931,2.7305,0.21439,19.5205,10.89,0.777401,3.102,38.0525,53.772,1.4608,18.474,0.08979,1724.28,60.031,81.211,0.6919,2465.58,15.029,140.118,8.6675,0.3223,476.635,4.435,24.468,4.6,60.838,29.6888,0.7116,0.04153,42.872,28.6501,10.79,0.7855,20.4003,0.6368,64.83,1.7532,6.0752,217.7852,387.167,13.0522,3.07921,2.8546,0.08128,5.72746,2.1022,0.2953,1.926,0.1943,29.0647,0.3631,5.6525,0.72864,1.0104,1.76383,14.195,18.675,4.4164,0.039025,10.67,10.696,10.564,4.66,0.3496,33.233,0.5072,0.037499,0.6442,9.0,9.2608,3.0957,4.22,17.546,10.95,43.329,3.682,0.5121,0.2235,17.255,15.2071,0.1411,8.465,0.7674,3.619,1.067,,,,,,,,,,,,,,,,,,,,,,,,,,,,,,,,,,,,,,,,,,,,,,,,,,,,,,,,,,,,,,,,,,,,,,,,,,,,,,,,,,,,,,,,,,,,,,,,,,,,,,,,,,,,,,,,,,,,,,,,,,
2021-04-01 10:00:00,58630.99,1929.24,316.7879,51.214,195.79,10.155,1.19073,0.56228,4.7765,1.5549,1.0,0.40681,1.7953,0.08989,13.8764,2.8211,1.108,0.089188,1.0,1.0002,29.9594,11.7526,0.0053076,0.985,0.017146,0.17581,1.9817,0.733,1.1328,249.64,154.58,0.054706,0.07984,224.01,7.521,5.0109,11.91532,2.52261,0.0624,0.36423,19.295,0.405772,0.18362,0.42754,1.3519,0.06787,0.0629546,0.3934,0.159497,0.00061058,0.04071,0.0076696,1.4878,5.8336,2.6671,0.1822,0.040994,1.7942,0.53046,0.0129261,0.122149,0.025139,0.021567,0.49157,16.0024,1.0,1.252,4.8234,1.04785,0.18811,0.34506,0.18221,6.2816,1.21,0.11758,2.6683,0.048013,0.3475,535.68,0.0281058,0.15221,40.126,1.1725,1.8375,,0.054888,0.87962,7.4933,5.9035,0.09291,0.81307,0.3404,0.023674,0.43958,0.10736,1.8788,0.1755,0.389,0.7469,0.39664,1.0589,0.39443,0.08637,0.065904,0.5361,39.527,2.728,2.5133,450.42,0.0266,51.79,18.322,0.015118,0.07571,3.577,1.3759,2301.65,179.805,3.2237,1.02194,0.75576,36040.0,5.3198,55.99,0.13237,0.58451,2.6993,0.2109,19.3593,10.66,0.762767,3.125,37.7817,53.9,1.4586,18.5177,0.09028,1722.25,61.157,79.7,0.6856,2491.5,14.911,140.866,8.5046,0.3214,468.086,4.301,24.082,4.5951,58.716,29.4338,0.7021,0.03993,40.159,28.2085,10.539,0.7738,19.9989,0.6292,63.417,1.72801,5.9766,212.6467,384.211,13.1438,3.04975,2.8274,0.079575,5.59059,2.0995,0.29199,1.89,0.18638,28.693,0.3614,5.47,0.72242,1.0076,1.753,14.096,18.277,4.3578,0.0388,10.554,10.522,10.5,4.5608,0.3501,32.643,0.5082,0.0378,0.6323,8.962,9.16,3.0332,4.268,17.594,10.959,42.0,3.618,0.5174,0.2138,17.139,14.8253,0.1391,8.469,0.7567,3.759,1.1,,,,,,,,,,,,,,,,,,,,,,,,,,,,,,,,,,,,,,,,,,,,,,,,,,,,,,,,,,,,,,,,,,,,,,,,,,,,,,,,,,,,,,,,,,,,,,,,,,,,,,,,,,,,,,,,,,,,,,,,,,
2021-04-01 11:00:00,58584.32,1920.07,313.7071,52.007,196.13,10.179,1.18999,0.55553,4.7837,1.562,0.9999,0.40498,1.8153,0.08833,13.7829,2.8083,1.1274,0.089188,0.9998,0.9999,29.7947,11.6507,0.0053169,0.9792,0.0170373,0.17504,2.0069,0.73155,1.1378,250.96,154.88,0.055067,0.07923,222.9,7.4358,5.055,11.9111,2.551,0.06262,0.3615,19.285,0.406415,0.18289,0.42792,1.3401,0.06937,0.0668588,0.387,0.159771,0.00059013,0.04126,0.0075986,1.4796,5.7701,2.6469,0.18392,0.040612,1.7946,0.53369,0.0130444,0.118949,0.025379,0.021364,0.49153,15.973,0.9999,1.2477,4.8267,1.04107,0.19596,0.34447,0.17968,6.2324,1.2059,0.1177,2.6664,0.047596,0.348,533.4,0.0286003,0.15252,39.956,1.1725,1.8215,,0.054842,0.89568,7.473,5.9469,0.09288,0.79485,0.3411,0.024049,0.43464,0.10711,1.8911,0.17443,0.39529,0.75,0.3983,1.0627,0.39434,0.0872,0.065172,0.53949,39.064,2.719,2.5116,452.28,0.026744,51.485,18.38,0.0143,0.07831,3.552,1.3765,2344.7,179.482,3.3931,1.02849,0.75509,35979.45,5.2659,55.713,0.12897,0.58227,2.6394,0.21129,19.2831,10.6002,0.764727,3.1,37.7352,53.186,1.4451,18.3243,0.08827,1723.46,62.991,78.806,0.6866,2478.93,14.875,141.723,8.3258,0.3166,475.0,4.375,23.735,4.5585,58.745,29.3237,0.6968,0.03962,39.223,28.0904,10.338,0.7798,20.0829,0.6291,62.888,1.72154,5.9149,216.3496,382.206,12.9292,3.09287,2.8226,0.079753,5.60545,2.0874,0.29189,1.9665,0.18864,28.3947,0.3606,5.6419,0.72468,1.0107,1.73499,14.028,18.117,4.3309,0.039383,10.484,10.446,10.419,4.5726,0.3491,32.257,0.497,0.036855,0.625,8.974,9.1705,3.0191,4.186,17.333,10.829,42.362,3.63,0.5082,0.2181,17.173,14.5861,0.1379,8.373,0.7443,3.708,1.086,,,,,,,,,,,,,,,,,,,,,,,,,,,,,,,,,,,,,,,,,,,,,,,,,,,,,,,,,,,,,,,,,,,,,,,,,,,,,,,,,,,,,,,,,,,,,,,,,,,,,,,,,,,,,,,,,,,,,,,,,,
2021-04-01 12:00:00,58730.06,1922.0,315.4829,53.684,195.8,10.32,1.18964,0.55635,4.7898,1.5715,0.9999,0.40641,1.8124,0.08986,13.8399,2.8466,1.1271,0.088915,0.9999,0.9999,30.3107,11.6972,0.0053256,0.9714,0.0170186,0.17554,1.9953,0.72784,1.1448,253.78,158.98,0.055558,0.07962,224.61,7.5859,5.1208,11.8156,2.53602,0.06288,0.36755,19.343,0.404587,0.18301,0.44076,1.3399,0.06825,0.0626137,0.3864,0.162756,0.00060246,0.04183,0.0076399,1.4841,5.8616,2.6657,0.18312,0.041058,1.8285,0.53874,0.0128833,0.120833,0.025242,0.02137,0.49436,16.14,1.0001,1.2547,4.8967,1.06279,0.19214,0.34403,0.18268,6.4985,1.2078,0.11834,2.6903,0.047336,0.3489,533.02,0.0279922,0.15354,40.094,1.1736,1.86,,0.054644,0.939,7.5187,5.83,0.09267,0.79015,0.3432,0.02421,0.43529,0.10875,1.9104,0.1768,0.4135,0.7495,0.39724,1.0648,0.39604,0.08519,0.064885,0.53655,39.394,2.738,2.5506,457.4,0.027061,51.804,18.57,0.01469,0.08075,3.65,1.3787,2341.0,180.299,3.5943,1.02634,0.75582,36387.51,5.2761,56.11,0.13263,0.6016,2.6735,0.20958,19.1429,10.667,0.759801,3.148,37.9399,53.904,1.4547,18.6407,0.08845,1724.31,61.435,79.7,0.6936,2587.91,14.83,141.314,8.3655,0.3171,477.716,4.474,23.92,4.5859,59.101,29.1667,0.6959,0.0397,40.362,28.4623,10.631,0.786,20.7389,0.6212,62.005,1.74045,6.0114,230.9447,385.0,12.9104,3.065,2.8713,0.078584,5.60937,2.1276,0.28967,1.9673,0.19348,28.6221,0.3589,5.6818,0.73466,1.0093,1.7824,14.048,18.499,4.3418,0.039315,10.472,10.429,10.321,4.6546,0.3492,32.114,0.5087,0.037414,0.6362,9.031,9.1865,3.0239,4.203,17.171,10.819,43.089,3.7,0.5072,0.2075,17.119,14.6944,0.1393,8.373,0.7397,3.739,1.097,,,,,,,,,,,,,,,,,,,,,,,,,,,,,,,,,,,,,,,,,,,,,,,,,,,,,,,,,,,,,,,,,,,,,,,,,,,,,,,,,,,,,,,,,,,,,,,,,,,,,,,,,,,,,,,,,,,,,,,,,,
2021-04-01 13:00:00,58930.34,1934.0,320.6418,53.306,196.4,10.579,1.19189,0.55824,4.8269,1.5748,1.0,0.40712,1.7909,0.08926,13.9171,2.8785,1.1146,0.088299,0.9998,1.0001,30.397,11.8334,0.0052788,0.9873,0.0170103,0.17584,2.0066,0.73052,1.1481,252.18,162.62,0.054901,0.08006,227.81,7.5526,5.1185,12.19549,2.51938,0.0623,0.36198,19.51,0.412889,0.18142,0.43802,1.3324,0.06782,0.0612743,0.3902,0.165209,0.00059071,0.04172,0.0077295,1.4905,5.7759,2.6666,0.1872,0.040576,1.8385,0.53556,0.012927,0.1201,0.025689,0.021332,0.49577,15.9259,0.9999,1.2609,4.8427,1.058,0.19132,0.34458,0.18579,6.5344,1.2088,0.11975,2.7231,0.047742,0.3515,537.28,0.0280057,0.15269,40.727,1.1746,1.8436,,0.055649,0.94934,7.5215,5.9652,0.09407,0.80119,0.3465,0.024456,0.43536,0.11023,1.9219,0.17708,0.40437,0.7677,0.39825,1.0705,0.40532,0.08671,0.065195,0.54152,39.828,2.735,2.5215,451.81,0.028044,52.31,18.633,0.015238,0.08291,3.663,1.3808,2327.64,180.155,3.4496,1.02839,0.75628,36550.0,5.3126,55.957,0.13278,0.58606,2.715,0.21019,19.2863,10.7689,0.766281,3.183,38.2643,54.157,1.4612,18.8432,0.08879,1733.0,61.301,78.748,0.6891,2598.86,14.89,143.983,8.3848,0.3198,480.457,4.576,24.252,4.6777,59.117,29.2351,0.7024,0.0406,39.75,28.4096,10.831,0.7865,20.9695,0.6226,62.378,1.7514,6.0119,229.4354,386.709,13.0112,3.0731,3.0641,0.077221,5.72585,2.1034,0.29079,1.972,0.18424,28.4108,0.3606,5.8023,0.735,1.0108,1.77064,14.176,18.496,4.347,0.039399,10.643,10.499,10.307,4.6307,0.3524,32.354,0.503,0.037265,0.6484,9.082,9.3131,2.9918,4.15,17.339,10.813,43.122,3.637,0.5093,0.2165,17.193,14.6486,0.14,8.352,0.7413,3.664,1.055,,,,,,,,,,,,,,,,,,,,,,,,,,,,,,,,,,,,,,,,,,,,,,,,,,,,,,,,,,,,,,,,,,,,,,,,,,,,,,,,,,,,,,,,,,,,,,,,,,,,,,,,,,,,,,,,,,,,,,,,,,
2021-04-01 14:00:00,58999.86,1932.05,327.8253,52.797,201.79,10.379,1.19,0.56915,4.913,1.5796,1.0001,0.40817,1.8076,0.08701,13.8947,2.8792,1.1055,0.088458,0.9999,1.0,30.641,11.9974,0.0052071,0.9806,0.0179771,0.17653,1.9625,0.731,1.1509,252.35,162.94,0.055314,0.08128,228.54,7.5724,5.11,11.9485,2.5151,0.0634,0.36433,19.617,0.412949,0.1795,0.446,1.342,0.06724,0.0605156,0.3887,0.164693,0.0005717,0.04192,0.0075828,1.4822,5.829,2.6718,0.18633,0.040972,1.8166,0.54341,0.0128748,0.119658,0.025731,0.021409,0.49311,16.1975,1.0,1.26,4.9233,1.05662,0.19237,0.34629,0.18653,6.8455,1.1943,0.12169,2.6795,0.048522,0.3505,545.13,0.0274986,0.15145,40.831,1.1757,1.8297,,0.056401,1.02295,7.5411,6.0157,0.09192,0.82289,0.3475,0.025517,0.43389,0.10939,1.9333,0.17886,0.4168,0.792,0.40119,1.077,0.40536,0.08891,0.064177,0.54487,40.016,2.79,2.5298,448.89,0.029286,52.169,18.834,0.014718,0.07896,3.68,1.3806,2304.97,179.705,3.474,1.017,0.7565,36494.49,5.3746,56.038,0.12844,0.60212,2.71,0.20877,19.254,10.7918,0.761749,3.235,38.3312,54.887,1.4666,18.7113,0.08853,1732.81,61.297,79.0,0.6879,2675.3,14.983,146.4,8.4675,0.3162,482.021,4.492,24.351,4.6855,60.207,29.2614,0.7037,0.0395,38.95,28.4918,11.626,0.781,20.9406,0.6099,62.403,1.76422,6.1068,228.3817,388.631,12.9701,3.04142,3.0818,0.078001,5.71227,2.2001,0.29312,1.978,0.18762,28.5846,0.3606,5.7168,0.73015,1.0112,1.7827,14.144,18.313,4.38,0.039146,10.483,10.325,10.35,4.6447,0.3486,32.718,0.4931,0.03647,0.6408,9.206,9.2759,2.9899,4.125,17.222,10.771,42.711,3.658,0.5268,0.216,16.939,14.6553,0.1396,8.297,0.729,3.636,1.085,,,,,,,,,,,,,,,,,,,,,,,,,,,,,,,,,,,,,,,,,,,,,,,,,,,,,,,,,,,,,,,,,,,,,,,,,,,,,,,,,,,,,,,,,,,,,,,,,,,,,,,,,,,,,,,,,,,,,,,,,,
2021-04-01 15:00:00,58974.65,1944.39,327.4493,52.982,204.03,10.32,1.19429,0.5626,4.877,1.577,0.9999,0.40773,1.7929,0.08807,13.9337,2.8885,1.1065,0.089411,0.9998,0.9999,30.8305,11.969,0.005301,0.9899,0.0176311,0.17686,1.9485,0.72775,1.156,253.28,163.38,0.054887,0.08143,231.32,7.5873,5.0941,11.98898,2.52919,0.06291,0.36731,19.488,0.410535,0.18121,0.444,1.3354,0.07059,0.059361,0.3826,0.160519,0.00058499,0.04164,0.0076005,1.4635,5.7969,2.6571,0.18798,0.041251,1.8021,0.55148,0.0128473,0.120326,0.025808,0.02132,0.49265,16.7968,0.9999,1.27,4.9169,1.0646,0.1954,0.3469,0.19027,7.1712,1.1998,0.12176,2.6742,0.048779,0.3509,543.73,0.0275768,0.15229,40.352,1.1758,1.8222,,0.055915,1.03888,7.5943,6.1051,0.09291,0.82382,0.3493,0.025207,0.43079,0.10932,1.9103,0.17532,0.4135,0.7759,0.39971,1.0712,0.40617,0.08666,0.063979,0.54334,40.022,2.803,2.4923,453.3,0.028153,53.884,19.181,0.014597,0.08077,3.774,1.3801,2306.05,180.884,3.3194,1.01832,0.75701,36736.67,5.3901,56.058,0.13047,0.61144,2.7218,0.20834,19.4277,10.7917,0.761279,3.18,37.8362,56.403,1.4649,18.697,0.08905,1732.92,62.585,79.18,0.6821,2703.2,15.025,145.522,8.4701,0.3197,472.372,4.507,24.2,4.8566,59.151,29.5687,0.6943,0.03914,38.864,28.7485,11.902,0.7749,20.8506,0.6142,61.849,1.75384,6.1121,230.3251,388.54,13.6127,3.02655,3.1594,0.0774,5.69713,2.1663,0.29661,2.03,0.19337,28.6067,0.3598,5.6214,0.73106,1.0119,1.7881,14.192,18.529,4.3676,0.039842,10.529,10.308,10.376,4.6478,0.3484,32.257,0.4881,0.035498,0.6422,9.335,9.2772,2.999,4.142,17.224,10.82,44.89,3.653,0.5243,0.2199,16.869,14.5969,0.1393,8.395,0.7362,3.525,1.085,,,,,,,,,,,,,,,,,,,,,,,,,,,,,,,,,,,,,,,,,,,,,,,,,,,,,,,,,,,,,,,,,,,,,,,,,,,,,,,,,,,,,,,,,,,,,,,,,,,,,,,,,,,,,,,,,,,,,,,,,,
2021-04-01 16:00:00,58754.87,1946.17,325.8272,53.571,202.62,10.816,1.19169,0.56505,5.2082,1.5751,1.0003,0.41149,1.8638,0.08708,13.98,2.8915,1.1124,0.089184,1.0001,1.0001,30.5945,11.9656,0.0053213,0.9877,0.0179679,0.17636,1.9229,0.7263,1.1628,254.89,163.13,0.054267,0.0845,232.99,7.6082,5.1234,11.87482,2.52158,0.06347,0.36842,19.457,0.409819,0.18037,0.44682,1.3394,0.06773,0.0607469,0.3822,0.161799,0.00056951,0.04138,0.007469,1.4515,5.7414,2.8784,0.1831,0.041827,1.8067,0.54559,0.0131383,0.119565,0.025802,0.02145,0.49508,16.5001,1.0,1.2635,4.9643,1.05881,0.19242,0.34474,0.18601,7.0089,1.202,0.11763,2.6546,0.048089,0.3501,546.29,0.0280838,0.15103,40.296,1.1756,1.8245,,0.055845,1.11429,7.5873,6.0699,0.09269,0.82088,0.3514,0.025137,0.42915,0.10907,1.9028,0.176,0.41705,0.7794,0.398,1.1,0.40395,0.08666,0.0639,0.54056,39.695,2.835,2.5063,454.43,0.028355,53.843,18.824,0.014468,0.07913,3.719,1.3789,2290.79,179.611,3.325,1.01565,0.75802,36831.81,5.381,56.708,0.12882,0.60018,2.7009,0.2087,19.1575,11.92,0.7569,3.286,37.8604,55.237,1.4735,18.6955,0.0888,1736.58,62.665,80.597,0.6835,2669.95,15.113,146.031,8.628,0.3169,481.38,4.564,23.907,4.947,59.5,29.615,0.6946,0.03887,38.359,28.4109,11.632,0.7747,21.1126,0.611,62.379,1.76011,6.0806,232.6699,387.433,13.4025,3.04405,3.1343,0.0788,5.53589,2.1708,0.29862,2.0157,0.19568,28.5881,0.3593,5.6007,0.73679,1.0094,1.82835,14.288,18.192,4.42,0.039816,10.7,10.214,10.326,4.661,0.3498,32.611,0.4856,0.036278,0.6373,9.736,9.2596,2.98,4.135,17.034,10.811,43.999,3.683,0.5227,0.2151,17.527,14.4738,0.1385,8.373,0.729,3.467,1.066,,,,,,,,,,,,,,,,,,,,,,,,,,,,,,,,,,,,,,,,,,,,,,,,,,,,,,,,,,,,,,,,,,,,,,,,,,,,,,,,,,,,,,,,,,,,,,,,,,,,,,,,,,,,,,,,,,,,,,,,,,
2021-04-01 17:00:00,58501.63,1940.3,322.0,52.31,199.19,10.531,1.18694,0.55916,5.1806,1.5528,1.0001,0.40651,1.7982,0.08513,13.815,2.8473,1.0974,0.088145,1.0,0.9999,30.0674,11.913,0.00522,0.9732,0.0175982,0.17375,1.9004,0.7072,1.1412,252.59,160.92,0.053319,0.08305,228.57,7.413,5.03,11.69537,2.49645,0.06216,0.36105,19.265,0.405312,0.17485,0.437,1.3183,0.068,0.0590721,0.376,0.159903,0.00054929,0.04134,0.0073986,1.4197,5.7157,2.855,0.18171,0.042757,1.7756,0.5353,0.0129876,0.116501,0.0258,0.022499,0.4924,16.2685,1.0,1.2473,4.8862,1.055,0.1904,0.3425,0.18382,6.9073,1.2106,0.11624,2.6094,0.048381,0.3538,538.96,0.027753,0.15043,39.935,1.1755,1.8057,,0.05482,1.08997,7.497,5.9644,0.09004,0.82243,0.3488,0.02551,0.41949,0.10558,1.8828,0.17515,0.40297,0.7865,0.39002,1.0864,0.40271,0.08644,0.063914,0.53805,39.479,2.849,2.4947,447.34,0.02813,53.085,18.475,0.013722,0.07673,3.697,1.3788,2246.88,178.954,3.3077,1.00309,0.75781,36311.15,5.234,55.916,0.12609,0.57815,2.6451,0.2089,18.8779,12.0419,0.751253,3.249,37.0594,54.399,1.4637,18.3724,0.08719,1736.6,61.672,77.999,0.673,2627.51,14.944,145.657,8.4567,0.3137,468.408,4.375,23.934,4.9289,58.197,28.8997,0.6934,0.03877,37.59,28.0799,11.893,0.7592,20.866,0.604,61.694,1.76756,5.9739,190.7068,384.615,13.6981,3.09296,3.0768,0.076261,5.41807,2.1806,0.29126,1.9819,0.18888,27.9936,0.3585,5.548,0.7335,1.0143,1.79064,14.221,18.476,4.376,0.039278,10.365,10.211,10.313,4.608,0.35,32.042,0.4855,0.035738,0.6282,9.849,9.1585,2.9311,4.045,16.853,10.759,42.987,3.664,0.5256,0.2131,17.46,14.1866,0.1366,8.304,0.7136,3.379,1.05,,,,,,,,,,,,,,,,,,,,,,,,,,,,,,,,,,,,,,,,,,,,,,,,,,,,,,,,,,,,,,,,,,,,,,,,,,,,,,,,,,,,,,,,,,,,,,,,,,,,,,,,,,,,,,,,,,,,,,,,,,
2021-04-01 18:00:00,58716.56,1967.29,327.8249,52.155,200.29,10.583,1.18732,0.56055,5.529,1.5664,1.0003,0.41014,1.7903,0.0854,13.939,2.8769,1.0837,0.08802,1.0002,1.0004,30.269,11.8558,0.005199,0.977,0.0175779,0.17699,1.9153,0.69858,1.148,252.16,162.45,0.053578,0.08269,231.19,7.5217,5.064,11.6806,2.49425,0.06325,0.36337,19.4,0.416431,0.17769,0.43649,1.325,0.07103,0.0589297,0.3944,0.159111,0.0005489,0.04122,0.0073555,1.429,5.6418,2.8933,0.18259,0.043739,1.7848,0.53818,0.0129904,0.119551,0.025556,0.021942,0.48889,16.331,1.0002,1.2453,4.9128,1.05831,0.19099,0.3429,0.18382,7.2339,1.2446,0.11633,2.6358,0.048389,0.3483,541.21,0.0266648,0.14969,40.279,1.1757,1.8087,,0.055129,1.09784,7.552,6.042,0.09119,0.81879,0.3466,0.025201,0.42385,0.10746,1.8901,0.17573,0.40633,0.7796,0.3934,1.0917,0.39817,0.08512,0.06354,0.54233,39.2,2.916,2.5317,443.05,0.027935,53.032,18.777,0.014048,0.07877,3.703,1.3796,2253.63,179.935,3.3084,1.00802,0.75798,36479.73,5.28,56.224,0.12685,0.58144,2.6698,0.2089,19.0981,11.6701,0.745328,3.317,37.6256,54.488,1.4612,18.1881,0.08851,1737.0,63.9,77.843,0.6768,2649.94,15.043,146.725,8.572,0.315,471.941,4.456,24.133,4.9562,59.195,29.0649,0.7009,0.03882,37.933,28.3354,12.036,0.7586,21.7669,0.6158,62.75,1.78319,6.0166,205.0912,384.663,13.9175,3.10381,3.17,0.077019,5.4659,2.2275,0.29056,1.9598,0.18918,28.0548,0.3573,5.6766,0.73603,1.0145,1.78221,14.137,18.39,4.3847,0.03925,10.429,10.221,10.299,4.6264,0.3478,32.975,0.4933,0.036578,0.6277,9.74,9.1697,2.9435,4.099,17.026,10.771,46.005,3.644,0.521,0.2222,17.516,14.2141,0.1372,8.306,0.717,3.479,1.037,,,,,,,,,,,,,,,,,,,,,,,,,,,,,,,,,,,,,,,,,,,,,,,,,,,,,,,,,,,,,,,,,,,,,,,,,,,,,,,,,,,,,,,,,,,,,,,,,,,,,,,,,,,,,,,,,,,,,,,,,,
2021-04-01 19:00:00,58918.99,1974.12,327.9105,52.563,201.68,10.402,1.18489,0.56588,5.6713,1.5898,1.0005,0.41327,1.7898,0.08511,14.4756,2.8825,1.0881,0.0879,1.0006,1.0004,30.439,11.8856,0.0051828,0.9779,0.0174855,0.17604,1.9016,0.6938,1.1579,250.19,164.08,0.05322,0.08123,235.34,7.5012,5.0314,11.61316,2.48594,0.0629,0.36445,19.257,0.411633,0.17588,0.44411,1.3279,0.06963,0.0584414,0.3977,0.159257,0.00055254,0.04132,0.00728,1.4182,5.7232,2.9254,0.1812,0.04265,1.7431,0.53501,0.0136525,0.11646,0.025554,0.0215,0.48734,16.2925,1.0004,1.2534,5.1634,1.05774,0.19353,0.34207,0.185,7.0948,1.2426,0.1151,2.6413,0.047898,0.3561,553.34,0.0268804,0.15063,40.67,1.1768,1.7993,,0.054902,1.07294,7.5661,5.9775,0.09098,0.82039,0.3536,0.026265,0.42771,0.10783,1.8723,0.17587,0.4037,0.7892,0.39307,1.1,0.39215,0.08431,0.064375,0.54123,39.169,2.881,2.5403,441.51,0.028242,53.168,18.836,0.014439,0.0782,3.679,1.3802,2250.33,180.54,3.2641,1.01802,0.7582,36600.0,5.2935,56.3,0.1256,0.5691,2.665,0.20854,19.1458,11.9739,0.74204,3.387,37.7749,53.775,1.4647,18.0854,0.08869,1738.53,64.363,77.464,0.6707,2647.56,15.005,145.966,8.663,0.3144,455.725,4.386,24.412,5.0104,59.099,29.0912,0.6961,0.03922,37.705,28.5807,11.944,0.7569,21.888,0.6096,62.061,1.8039,6.0777,199.7213,384.342,14.0566,3.22698,3.1764,0.076741,5.42174,2.2602,0.28949,2.0109,0.19454,28.009,0.3586,5.7803,0.74193,1.0168,1.78915,14.101,18.33,4.4235,0.038868,10.419,10.28,10.37,4.6016,0.3478,32.958,0.4834,0.036839,0.6327,9.794,9.14,2.96,4.077,16.985,10.698,44.942,3.65,0.5259,0.2222,17.448,14.2117,0.137,8.299,0.7348,3.494,1.039,,,,,,,,,,,,,,,,,,,,,,,,,,,,,,,,,,,,,,,,,,,,,,,,,,,,,,,,,,,,,,,,,,,,,,,,,,,,,,,,,,,,,,,,,,,,,,,,,,,,,,,,,,,,,,,,,,,,,,,,,,
2021-04-01 20:00:00,58854.75,1969.75,328.6761,52.987,201.18,10.329,1.1886,0.56449,5.5494,1.575,1.0003,0.42284,1.7835,0.0856,14.2642,2.8488,1.0975,0.087662,1.0003,1.0003,30.2061,11.9653,0.0052199,0.9813,0.0174338,0.17542,1.9134,0.70078,1.1439,247.05,164.25,0.053049,0.08093,235.02,7.4542,5.0498,11.49058,2.46134,0.06554,0.36119,19.358,0.412414,0.17648,0.43655,1.3222,0.07016,0.0597994,0.4065,0.1615,0.0005505,0.04134,0.00727,1.4286,5.65,2.8686,0.18448,0.042139,1.7544,0.53717,0.0134753,0.117345,0.025542,0.021558,0.48691,16.355,1.0003,1.2558,5.1485,1.05554,0.19405,0.34257,0.18301,7.141,1.2572,0.11495,2.6152,0.048157,0.355,553.42,0.0269171,0.14815,40.479,1.1762,1.7783,,0.054497,1.07251,7.5555,5.9043,0.09003,0.84006,0.3506,0.02601,0.42536,0.10706,1.8554,0.17893,0.40704,0.7785,0.39,1.1131,0.39904,0.08352,0.064857,0.54092,39.181,2.886,2.5018,444.5,0.028056,52.941,18.632,0.014546,0.07919,3.67,1.3799,2278.25,180.922,3.2262,1.0148,0.7582,36882.24,5.3017,56.29,0.12598,0.56019,2.6401,0.20932,19.1335,12.1095,0.752155,3.401,38.0165,53.452,1.4644,18.001,0.08814,1737.17,63.94,77.267,0.6739,2634.0,14.869,148.012,8.5927,0.3128,461.85,4.382,24.274,4.8974,58.842,28.9028,0.6969,0.03847,37.999,28.34,12.315,0.7641,21.3999,0.6176,62.02,1.84192,5.999,194.155,385.087,13.8207,3.38,3.204,0.075582,5.48837,2.2334,0.28902,2.0141,0.19564,27.4653,0.3596,5.8424,0.75057,1.0227,1.79736,14.109,18.292,4.4751,0.03878,10.415,10.187,10.4,4.6238,0.3483,33.201,0.485,0.037765,0.6336,9.86,9.1776,2.9755,4.091,17.18,10.738,46.873,3.673,0.5329,0.2383,17.68,14.2799,0.1366,8.48,0.7396,3.453,1.048,,,,,,,,,,,,,,,,,,,,,,,,,,,,,,,,,,,,,,,,,,,,,,,,,,,,,,,,,,,,,,,,,,,,,,,,,,,,,,,,,,,,,,,,,,,,,,,,,,,,,,,,,,,,,,,,,,,,,,,,,,
2021-04-01 21:00:00,58760.67,1963.45,331.8205,52.238,200.93,10.237,1.18814,0.56405,5.4896,1.5544,1.0001,0.42469,1.7516,0.08544,14.2059,2.8332,1.0894,0.08781,1.0002,1.0003,30.1003,11.8368,0.0052516,0.976,0.0177006,0.17624,1.8898,0.70583,1.1588,248.19,165.02,0.05311,0.08071,235.4,7.4893,5.0914,11.5279,2.47277,0.06881,0.35986,19.247,0.415391,0.17481,0.43452,1.3311,0.06824,0.0593449,0.4004,0.161,0.0005484,0.0418,0.0076459,1.4378,5.6666,2.9,0.183,0.041994,1.7526,0.53554,0.0136146,0.117763,0.025914,0.021262,0.48835,16.3193,1.0002,1.2596,5.1545,1.04776,0.19165,0.34373,0.18199,7.0882,1.2555,0.11772,2.6105,0.048588,0.3641,552.25,0.0274869,0.14893,40.372,1.1759,1.7837,,0.054439,1.12482,7.54,5.9584,0.08989,0.86459,0.3574,0.026084,0.42901,0.10731,1.8642,0.17834,0.40821,0.776,0.38741,1.1079,0.39858,0.08379,0.064425,0.5395,39.0,2.846,2.5227,445.58,0.028193,53.361,18.581,0.014153,0.08225,3.699,1.3793,2281.71,181.245,3.1639,1.00685,0.75857,36586.7,5.2606,55.981,0.1272,0.55849,2.6406,0.2098,19.0599,11.9491,0.745992,3.323,37.7691,53.883,1.4666,18.2137,0.088,1734.86,63.551,77.182,0.6715,2702.56,14.786,147.275,8.3874,0.3132,457.732,4.47,24.253,4.8598,58.283,28.8176,0.7002,0.03865,37.696,28.3292,12.9,0.761,21.4,0.6177,62.98,1.8359,5.9679,201.4352,383.259,13.985,3.3054,3.1368,0.07579,5.45731,2.2055,0.28999,2.0318,0.19727,27.3776,0.3581,5.9104,0.77464,1.0347,1.78836,14.085,18.349,4.4341,0.038839,10.264,10.158,10.314,4.5834,0.347,33.718,0.4805,0.038836,0.6281,9.709,9.1579,2.9637,4.049,17.185,10.655,46.037,3.672,0.5367,0.232,17.688,14.4635,0.1351,8.6,0.7281,3.443,1.042,,,,,,,,,,,,,,,,,,,,,,,,,,,,,,,,,,,,,,,,,,,,,,,,,,,,,,,,,,,,,,,,,,,,,,,,,,,,,,,,,,,,,,,,,,,,,,,,,,,,,,,,,,,,,,,,,,,,,,,,,,
2021-04-01 22:00:00,59007.28,1971.62,335.98,52.068,202.76,10.135,1.18712,0.56893,5.503,1.5723,1.0004,0.42736,1.7433,0.0865,14.246,2.8221,1.107,0.088917,1.0003,1.0004,30.055,11.7995,0.00536,0.9767,0.0175416,0.17726,1.9284,0.70622,1.1563,247.46,166.69,0.053987,0.07994,234.71,7.4139,5.096,11.61383,2.4707,0.06574,0.3618,19.459,0.418767,0.17679,0.43456,1.3348,0.06822,0.0602997,0.3997,0.159788,0.00055069,0.04182,0.00745,1.4595,5.5819,2.8741,0.18314,0.04186,1.7698,0.53317,0.0141576,0.115413,0.026291,0.021192,0.49079,16.4924,1.0005,1.2556,5.1003,1.04748,0.1931,0.34351,0.1818,7.0807,1.2604,0.11818,2.5939,0.048329,0.3669,554.74,0.0276738,0.14643,40.546,1.1767,1.7938,,0.054629,1.086,7.5444,5.8329,0.09,0.85577,0.3567,0.029886,0.43002,0.10952,1.8533,0.17729,0.40538,0.7806,0.39168,1.1026,0.40898,0.08496,0.064195,0.5414,39.066,2.831,2.49,451.98,0.028249,55.636,18.8,0.014321,0.07921,3.717,1.3799,2289.32,181.285,3.0373,1.02101,0.75876,36448.37,5.2755,55.983,0.12677,0.54933,2.6336,0.21019,19.16,12.1494,0.750636,3.33,38.4004,54.535,1.4674,18.433,0.08767,1739.81,63.388,76.573,0.6727,2662.87,14.794,147.265,8.4267,0.3113,463.341,4.443,24.441,4.8703,58.615,28.8591,0.7035,0.0385,38.438,28.1922,12.981,0.7672,20.875,0.6243,63.66,1.82977,5.9879,194.6131,382.789,14.1845,3.16729,3.1883,0.0774,5.49932,2.2041,0.28986,2.0452,0.19842,27.5388,0.3603,5.8401,0.79338,1.0222,1.77824,14.088,18.341,4.4687,0.038847,10.393,10.222,10.418,4.6171,0.3498,33.78,0.4759,0.037,0.6263,9.894,9.1407,3.0054,4.069,17.231,10.696,46.946,3.721,0.5326,0.2388,18.0,14.5261,0.1363,8.923,0.7069,3.315,1.031,,,,,,,,,,,,,,,,,,,,,,,,,,,,,,,,,,,,,,,,,,,,,,,,,,,,,,,,,,,,,,,,,,,,,,,,,,,,,,,,,,,,,,,,,,,,,,,,,,,,,,,,,,,,,,,,,,,,,,,,,,
2021-04-01 23:00:00,58720.44,1968.05,334.7991,52.326,202.86,10.032,1.18377,0.57087,5.5947,1.5777,1.0003,0.4243,1.7178,0.08543,14.315,2.8069,1.0929,0.088056,1.0003,1.0002,30.0684,11.8015,0.0052932,0.969,0.0173532,0.17746,1.964,0.70796,1.1543,250.65,165.53,0.054694,0.0794,233.44,7.385,5.1032,11.51814,2.4893,0.06505,0.36343,19.473,0.415404,0.17699,0.44257,1.3215,0.06857,0.062151,0.3989,0.161701,0.00056181,0.04156,0.0074202,1.4225,5.544,2.9291,0.18039,0.041741,1.7592,0.53292,0.0138,0.116199,0.02633,0.02118,0.48851,16.4082,1.0003,1.2486,5.1228,1.04666,0.19274,0.34544,0.18108,7.0848,1.256,0.1173,2.585,0.048176,0.3659,556.66,0.027847,0.14527,40.605,1.1763,1.7843,,0.054538,1.10815,7.5549,5.9245,0.09155,0.85742,0.3593,0.030214,0.4215,0.11023,1.8581,0.17957,0.40234,0.7952,0.38933,1.0901,0.40364,0.0838,0.065094,0.53671,39.07,2.92,2.505,449.75,0.028394,56.469,19.179,0.014023,0.08088,3.668,1.379,2289.61,181.432,3.0126,1.01434,0.75903,36583.84,5.2545,55.854,0.12384,0.54215,2.6682,0.21251,19.0443,11.7703,0.750958,3.32,37.461,53.894,1.4572,18.4204,0.08801,1741.6,63.182,75.917,0.6709,2655.63,14.868,150.339,8.3546,0.3101,463.011,4.418,24.117,4.8582,58.513,28.6638,0.7033,0.03827,37.9,28.2456,13.215,0.7748,20.587,0.6259,63.303,1.79772,5.9728,185.6217,382.216,13.9366,3.12769,3.1447,0.075319,5.55219,2.1862,0.28921,2.0659,0.19799,27.3524,0.3609,5.8922,0.81615,1.025,1.77315,14.066,18.302,4.4501,0.038512,10.429,10.201,10.458,4.5764,0.3489,33.527,0.4711,0.037806,0.6186,9.913,9.119,2.9655,4.036,17.101,10.675,46.22,3.686,0.5431,0.2312,17.785,14.3355,0.1354,8.731,0.7163,3.288,1.023,,,,,,,,,,,,,,,,,,,,,,,,,,,,,,,,,,,,,,,,,,,,,,,,,,,,,,,,,,,,,,,,,,,,,,,,,,,,,,,,,,,,,,,,,,,,,,,,,,,,,,,,,,,,,,,,,,,,,,,,,,